0,0,0.0000,0,0.0000,99999.0000,0
0,0,0.0000,0,0.0000,99999.0000,0
0,0,0.0000,0,0.0000,99999.0000,0
0,0,0.0000,0,0.0000,99999.0000,0
0,0,0.0000,0,0.0000,99999.0000,0
0,0,0.0000,0,0.0000,99999.0000,0
0,0,0.0000,0,0.0000,99999.0000,0
0,0,0.0000,0,0.0000,99999.0000,0
0,0,0.0000,0,0.0000,99999.0000,0
0,0,0.0000,0,0.0000,99999.0000,0
0,0,0.0000,0,0.0000,99999.0000,0
0,0,0.0000,0,0.0000,99999.0000,0
0,0,0.0000,0,0.0000,99999.0000,0
0,0,0.0000,0,0.0000,99999.0000,0
0,0,0.0000,0,0.0000,99999.0000,0
0,0,0.0000,0,0.0000,99999.0000,0
0,0,0.0000,0,0.0000,99999.0000,0
0,0,0.0000,0,0.0000,99999.0000,0
0,0,0.0000,0,0.0000,99999.0000,0
0,0,0.0000,0,0.0000,99999.0000,0
0,0,0.0000,0,0.0000,99999.0000,0
0,0,0.0000,0,0.0000,99999.0000,0
0,0,0.0000,0,0.0000,99999.0000,0
0,0,0.0000,0,0.0000,99999.0000,0
0,0,0.0000,0,0.0000,99999.0000,0
0,0,0.0000,0,0.0000,99999.0000,0
0,0,0.0000,0,0.0000,99999.0000,0
0,0,0.0000,0,0.0000,99999.0000,0
0,0,0.0000,0,0.0000,99999.0000,0
0,0,0.0000,0,0.0000,99999.0000,0
0,0,0.0000,0,0.0000,99999.0000,0
0,0,0.0000,0,0.0000,99999.0000,0
0,0,0.0000,0,0.0000,99999.0000,0
0,0,0.0000,0,0.0000,99999.0000,0
0,0,0.0000,0,0.0000,99999.0000,0
0,0,0.0000,0,0.0000,99999.0000,0
0,0,0.0000,0,0.0000,99999.0000,0
0,0,0.0000,0,0.0000,99999.0000,0
0,0,0.0000,0,0.0000,99999.0000,0
0,0,0.0000,0,0.0000,99999.0000,0
0,0,0.0000,0,0.0000,99999.0000,0
0,0,0.0000,0,0.0000,99999.0000,0
0,0,0.0000,0,0.0000,99999.0000,0
0,0,0.0000,0,0.0000,99999.0000,0
0,0,0.0000,0,0.0000,99999.0000,0
0,0,0.0000,0,0.0000,99999.0000,0
0,0,0.0000,0,0.0000,99999.0000,0
0,0,0.0000,0,0.0000,99999.0000,0
0,0,0.0000,0,0.0000,99999.0000,0
0,0,0.0000,0,0.0000,99999.0000,0
0,0,0.0000,0,0.0000,99999.0000,0
0,0,0.0000,0,0.0000,99999.0000,0
0,0,0.0000,0,0.0000,99999.0000,0
0,0,0.0000,0,0.0000,99999.0000,0
0,0,0.0000,0,0.0000,99999.0000,0
0,0,0.0000,0,0.0000,99999.0000,0
0,0,0.0000,0,0.0000,99999.0000,0
0,0,0.0000,0,0.0000,99999.0000,0
0,0,0.0000,0,0.0000,99999.0000,0
0,0,0.0000,0,0.0000,99999.0000,0
0,0,0.0000,0,0.0000,99999.0000,0
0,0,0.0000,0,0.0000,99999.0000,0
0,0,0.0000,0,0.0000,99999.0000,0
0,0,0.0000,0,0.0000,99999.0000,0
0,0,0.0000,0,0.0000,99999.0000,0
0,0,0.0000,0,0.0000,99999.0000,0
0,0,0.0000,0,0.0000,99999.0000,0
0,0,0.0000,0,0.0000,99999.0000,0
0,0,0.0000,0,0.0000,99999.0000,0
0,0,0.0000,0,0.0000,99999.0000,0
0,0,0.0000,0,0.0000,99999.0000,0
0,0,0.0000,0,0.0000,99999.0000,0
0,0,0.0000,0,0.0000,99999.0000,0
0,0,0.0000,0,0.0000,99999.0000,0
0,0,0.0000,0,0.0000,99999.0000,0
0,0,0.0000,0,0.0000,99999.0000,0
0,0,0.0000,0,0.0000,99999.0000,0
0,0,0.0000,0,0.0000,99999.0000,0
0,0,0.0000,0,0.0000,99999.0000,0
0,0,0.0000,0,0.0000,99999.0000,0
0,0,0.0000,0,0.0000,99999.0000,0
0,0,0.0000,0,0.0000,99999.0000,0
0,0,0.0000,0,0.0000,99999.0000,0
0,0,0.0000,0,0.0000,99999.0000,0
0,0,0.0000,0,0.0000,99999.0000,0
0,0,0.0000,0,0.0000,99999.0000,0
0,0,0.0000,0,0.0000,99999.0000,0
0,0,0.0000,0,0.0000,99999.0000,0
0,0,0.0000,0,0.0000,99999.0000,0
0,0,0.0000,0,0.0000,99999.0000,0
0,0,0.0000,0,0.0000,99999.0000,0
0,0,0.0000,0,0.0000,99999.0000,0
0,0,0.0000,0,0.0000,99999.0000,0
0,0,0.0000,0,0.0000,99999.0000,0
0,0,0.0000,0,0.0000,99999.0000,0
0,0,0.0000,0,0.0000,99999.0000,0
0,0,0.0000,0,0.0000,99999.0000,0
0,0,0.0000,0,0.0000,99999.0000,0
0,0,0.0000,0,0.0000,99999.0000,0
0,0,0.0000,0,0.0000,99999.0000,0
0,0,0.0000,0,0.0000,99999.0000,0
0,0,0.0000,0,0.0000,99999.0000,0
0,0,0.0000,0,0.0000,99999.0000,0
0,0,0.0000,0,0.0000,99999.0000,0
0,0,0.0000,0,0.0000,99999.0000,0
0,0,0.0000,0,0.0000,99999.0000,0
0,0,0.0000,0,0.0000,99999.0000,0
0,0,0.0000,0,0.0000,99999.0000,0
0,0,0.0000,0,0.0000,99999.0000,0
0,0,0.0000,0,0.0000,99999.0000,0
0,0,0.0000,0,0.0000,99999.0000,0
0,0,0.0000,0,0.0000,99999.0000,0
0,0,0.0000,0,0.0000,99999.0000,0
0,0,0.0000,0,0.0000,99999.0000,0
0,0,0.0000,0,0.0000,99999.0000,0
0,0,0.0000,0,0.0000,99999.0000,0
0,0,0.0000,0,0.0000,99999.0000,0
0,0,0.0000,0,0.0000,99999.0000,0
0,0,0.0000,0,0.0000,99999.0000,0
0,0,0.0000,0,0.0000,99999.0000,0
0,0,0.0000,0,0.0000,99999.0000,0
0,0,0.0000,0,0.0000,99999.0000,0
0,0,0.0000,0,0.0000,99999.0000,0
0,0,0.0000,0,0.0000,99999.0000,0
0,0,0.0000,0,0.0000,99999.0000,0
0,0,0.0000,0,0.0000,99999.0000,0
0,0,0.0000,0,0.0000,99999.0000,0
0,0,0.0000,0,0.0000,99999.0000,0
0,0,0.0000,0,0.0000,99999.0000,0
0,0,0.0000,0,0.0000,99999.0000,0
0,0,0.0000,0,0.0000,99999.0000,0
0,0,0.0000,0,0.0000,99999.0000,0
0,0,0.0000,0,0.0000,99999.0000,0
0,0,0.0000,0,0.0000,99999.0000,0
0,0,0.0000,0,0.0000,99999.0000,0
0,0,0.0000,0,0.0000,99999.0000,0
0,0,0.0000,0,0.0000,99999.0000,0
0,0,0.0000,0,0.0000,99999.0000,0
0,0,0.0000,0,0.0000,99999.0000,0
0,0,0.0000,0,0.0000,99999.0000,0
0,0,0.0000,0,0.0000,99999.0000,0
0,0,0.0000,0,0.0000,99999.0000,0
0,0,0.0000,0,0.0000,99999.0000,0
0,0,0.0000,0,0.0000,99999.0000,0
0,0,0.0000,0,0.0000,99999.0000,0
0,0,0.0000,0,0.0000,99999.0000,0
0,0,0.0000,0,0.0000,99999.0000,0
0,0,0.0000,0,0.0000,99999.0000,0
0,0,0.0000,0,0.0000,99999.0000,0
0,0,0.0000,0,0.0000,99999.0000,0
0,0,0.0000,0,0.0000,99999.0000,0
0,0,0.0000,0,0.0000,99999.0000,0
0,0,0.0000,0,0.0000,99999.0000,0
0,0,0.0000,0,0.0000,99999.0000,0
0,0,0.0000,0,0.0000,99999.0000,0
0,0,0.0000,0,0.0000,99999.0000,0
0,0,0.0000,0,0.0000,99999.0000,0
0,0,0.0000,0,0.0000,99999.0000,0
0,0,0.0000,0,0.0000,99999.0000,0
0,0,0.0000,0,0.0000,99999.0000,0
0,0,0.0000,0,0.0000,99999.0000,0
0,0,0.0000,0,0.0000,99999.0000,0
0,0,0.0000,0,0.0000,99999.0000,0
0,0,0.0000,0,0.0000,99999.0000,0
0,0,0.0000,0,0.0000,99999.0000,0
0,0,0.0000,0,0.0000,99999.0000,0
0,0,0.0000,0,0.0000,99999.0000,0
0,0,0.0000,0,0.0000,99999.0000,0
0,0,0.0000,0,0.0000,99999.0000,0
0,0,0.0000,0,0.0000,99999.0000,0
0,0,0.0000,0,0.0000,99999.0000,0
0,0,0.0000,0,0.0000,99999.0000,0
0,0,0.0000,0,0.0000,99999.0000,0
0,0,0.0000,0,0.0000,99999.0000,0
0,0,0.0000,0,0.0000,99999.0000,0
0,0,0.0000,0,0.0000,99999.0000,0
0,0,0.0000,0,0.0000,99999.0000,0
0,0,0.0000,0,0.0000,99999.0000,0
0,0,0.0000,0,0.0000,99999.0000,0
0,0,0.0000,0,0.0000,99999.0000,0
0,0,0.0000,0,0.0000,99999.0000,0
0,0,0.0000,0,0.0000,99999.0000,0
0,0,0.0000,0,0.0000,99999.0000,0
0,0,0.0000,0,0.0000,99999.0000,0
0,0,0.0000,0,0.0000,99999.0000,0
0,0,0.0000,0,0.0000,99999.0000,0
0,0,0.0000,0,0.0000,99999.0000,0
0,0,0.0000,0,0.0000,99999.0000,0
0,0,0.0000,0,0.0000,99999.0000,0
0,0,0.0000,0,0.0000,99999.0000,0
0,0,0.0000,0,0.0000,99999.0000,0
0,0,0.0000,0,0.0000,99999.0000,0
0,0,0.0000,0,0.0000,99999.0000,0
0,0,0.0000,0,0.0000,99999.0000,0
0,0,0.0000,0,0.0000,99999.0000,0
0,0,0.0000,0,0.0000,99999.0000,0
0,0,0.0000,0,0.0000,99999.0000,0
0,0,0.0000,0,0.0000,99999.0000,0
0,0,0.0000,0,0.0000,99999.0000,0
0,0,0.0000,0,0.0000,99999.0000,0
0,0,0.0000,0,0.0000,99999.0000,0
0,0,0.0000,0,0.0000,99999.0000,0
0,0,0.0000,0,0.0000,99999.0000,0
0,0,0.0000,0,0.0000,99999.0000,0
0,0,0.0000,0,0.0000,99999.0000,0
0,0,0.0000,0,0.0000,99999.0000,0
0,0,0.0000,0,0.0000,99999.0000,0
0,0,0.0000,0,0.0000,99999.0000,0
0,0,0.0000,0,0.0000,99999.0000,0
0,0,0.0000,0,0.0000,99999.0000,0
0,0,0.0000,0,0.0000,99999.0000,0
0,0,0.0000,0,0.0000,99999.0000,0
0,0,0.0000,0,0.0000,99999.0000,0
0,0,0.0000,0,0.0000,99999.0000,0
0,0,0.0000,0,0.0000,99999.0000,0
0,0,0.0000,0,0.0000,99999.0000,0
0,0,0.0000,0,0.0000,99999.0000,0
0,0,0.0000,0,0.0000,99999.0000,0
0,0,0.0000,0,0.0000,99999.0000,0
0,0,0.0000,0,0.0000,99999.0000,0
0,0,0.0000,0,0.0000,99999.0000,0
0,0,0.0000,0,0.0000,99999.0000,0
0,0,0.0000,0,0.0000,99999.0000,0
0,0,0.0000,0,0.0000,99999.0000,0
0,0,0.0000,0,0.0000,99999.0000,0
0,0,0.0000,0,0.0000,99999.0000,0
0,0,0.0000,0,0.0000,99999.0000,0
0,0,0.0000,0,0.0000,99999.0000,0
0,0,0.0000,0,0.0000,99999.0000,0
0,0,0.0000,0,0.0000,99999.0000,0
0,0,0.0000,0,0.0000,99999.0000,0
0,0,0.0000,0,0.0000,99999.0000,0
0,0,0.0000,0,0.0000,99999.0000,0
0,0,0.0000,0,0.0000,99999.0000,0
0,0,0.0000,0,0.0000,99999.0000,0
0,0,0.0000,0,0.0000,99999.0000,0
0,0,0.0000,0,0.0000,99999.0000,0
0,0,0.0000,0,0.0000,99999.0000,0
0,0,0.0000,0,0.0000,99999.0000,0
0,0,0.0000,0,0.0000,99999.0000,0
0,0,0.0000,0,0.0000,99999.0000,0
0,0,0.0000,0,0.0000,99999.0000,0
0,0,0.0000,0,0.0000,99999.0000,0
0,0,0.0000,0,0.0000,99999.0000,0
0,0,0.0000,0,0.0000,99999.0000,0
0,0,0.0000,0,0.0000,99999.0000,0
0,0,0.0000,0,0.0000,99999.0000,0
0,0,0.0000,0,0.0000,99999.0000,0
0,0,0.0000,0,0.0000,99999.0000,0
0,0,0.0000,0,0.0000,99999.0000,0
0,0,0.0000,0,0.0000,99999.0000,0
0,0,0.0000,0,0.0000,99999.0000,0
0,0,0.0000,0,0.0000,99999.0000,0
0,0,0.0000,0,0.0000,99999.0000,0
0,0,0.0000,0,0.0000,99999.0000,0
0,0,0.0000,0,0.0000,99999.0000,0
0,0,0.0000,0,0.0000,99999.0000,0
0,0,0.0000,0,0.0000,99999.0000,0
0,0,0.0000,0,0.0000,99999.0000,0
0,0,0.0000,0,0.0000,99999.0000,0
0,0,0.0000,0,0.0000,99999.0000,0
0,0,0.0000,0,0.0000,99999.0000,0
0,0,0.0000,0,0.0000,99999.0000,0
0,0,0.0000,0,0.0000,99999.0000,0
0,0,0.0000,0,0.0000,99999.0000,0
0,0,0.0000,0,0.0000,99999.0000,0
0,0,0.0000,0,0.0000,99999.0000,0
2,0,0.1667,0,0.0000,99999.0000,0
2,0,0.3250,0,0.0000,99999.0000,0
2,0,0.4754,0,0.0000,99999.0000,0
2,0,0.6183,0,0.0000,99999.0000,0
3,0,0.8374,0,0.0000,99999.0000,0
3,0,1.0455,0,0.0000,99999.0000,0
3,0,1.2433,0,0.0000,99999.0000,0
3,0,1.4311,0,0.0000,99999.0000,0
3,0,1.6095,0,0.0000,99999.0000,0
3,0,1.7791,0,0.0000,99999.0000,0
3,0,1.9401,0,0.0000,99999.0000,0
3,0,2.0931,0,0.0000,99999.0000,0
3,0,2.2384,0,0.0000,99999.0000,0
4,0,2.4599,0,0.0000,99999.0000,0
4,0,2.6702,0,0.0000,99999.0000,0
4,0,2.8700,0,0.0000,99999.0000,0
4,0,3.0599,0,0.0000,99999.0000,0
4,0,3.2402,0,0.0000,99999.0000,0
4,0,3.4115,0,0.0000,99999.0000,0
4,0,3.5743,0,0.0000,99999.0000,0
4,0,3.7289,0,0.0000,99999.0000,0
4,0,3.8758,0,0.0000,99999.0000,0
4,0,4.0153,0,0.0000,99999.0000,0
5,0,4.2312,0,0.0000,99999.0000,0
5,0,4.4363,0,0.0000,99999.0000,0
5,0,4.6312,0,0.0000,99999.0000,0
5,0,4.8163,0,0.0000,99999.0000,0
5,0,4.9921,0,0.0000,99999.0000,0
5,0,5.1592,0,0.0000,99999.0000,0
5,0,5.3179,0,0.0000,99999.0000,0
5,0,5.4687,0,0.0000,99999.0000,0
5,0,5.6119,0,0.0000,99999.0000,0
6,0,5.8313,0,0.0000,99999.0000,0
6,0,6.0398,0,0.0000,99999.0000,0
6,0,6.2378,0,0.0000,99999.0000,0
6,0,6.4259,0,0.0000,99999.0000,0
6,0,6.6046,0,0.0000,99999.0000,0
6,0,6.7744,0,0.0000,99999.0000,0
6,0,6.9356,0,0.0000,99999.0000,0
6,0,7.0889,0,0.0000,99999.0000,0
6,0,7.2344,0,0.0000,99999.0000,0
7,0,7.4560,0,0.0000,99999.0000,0
7,0,7.6666,0,0.0000,99999.0000,0
7,0,7.8666,0,0.0000,99999.0000,0
7,0,8.0566,0,0.0000,99999.0000,0
7,0,8.2371,0,0.0000,99999.0000,0
7,0,8.4086,0,0.0000,99999.0000,0
7,0,8.5715,0,0.0000,99999.0000,0
7,0,8.7262,0,0.0000,99999.0000,0
7,0,8.8732,0,0.0000,99999.0000,0
7,0,9.0129,0,0.0000,99999.0000,0
8,0,9.2289,0,0.0000,99999.0000,0
8,0,9.4342,0,0.0000,99999.0000,0
8,0,9.6291,0,0.0000,99999.0000,0
8,0,9.8143,0,0.0000,99999.0000,0
8,0,9.9903,0,0.0000,99999.0000,0
8,0,10.1574,0,0.0000,99999.0000,0
8,0,10.3162,0,0.0000,99999.0000,0
8,0,10.4671,0,0.0000,99999.0000,0
8,0,10.6104,0,0.0000,99999.0000,0
9,0,10.8299,0,0.0000,99999.0000,0
9,0,11.0384,0,0.0000,99999.0000,0
9,0,11.2365,0,0.0000,99999.0000,0
9,0,11.4246,0,0.0000,99999.0000,0
9,0,11.6034,0,0.0000,99999.0000,0
9,0,11.7732,0,0.0000,99999.0000,0
9,0,11.9346,0,0.0000,99999.0000,0
9,0,12.0878,0,0.0000,99999.0000,0
9,0,12.2335,0,0.0000,99999.0000,0
10,0,12.4551,0,0.0000,99999.0000,0
10,0,12.6657,0,0.0000,99999.0000,0
10,0,12.8657,0,0.0000,99999.0000,0
10,0,13.0558,0,0.0000,99999.0000,0
10,0,13.2363,0,0.0000,99999.0000,0
10,0,13.4078,0,0.0000,99999.0000,0
10,0,13.5708,0,0.0000,99999.0000,0
10,0,13.7256,0,0.0000,99999.0000,0
10,0,13.8726,0,0.0000,99999.0000,0
10,0,14.0123,0,0.0000,99999.0000,0
11,0,14.2284,0,0.0000,99999.0000,0
11,0,14.4336,0,0.0000,99999.0000,0
11,0,14.6286,0,0.0000,99999.0000,0
11,0,14.8139,0,0.0000,99999.0000,0
11,0,14.9898,0,0.0000,99999.0000,0
11,0,15.1570,0,0.0000,99999.0000,0
11,0,15.3158,0,0.0000,99999.0000,0
11,0,15.4667,0,0.0000,99999.0000,0
11,0,15.6100,0,0.0000,99999.0000,0
12,0,15.8295,0,0.0000,99999.0000,0
12,0,16.0380,0,0.0000,99999.0000,0
12,0,16.2361,0,0.0000,99999.0000,0
12,0,16.4243,0,0.0000,99999.0000,0
12,0,16.6031,0,0.0000,99999.0000,0
12,0,16.7730,0,0.0000,99999.0000,0
12,0,16.9343,0,0.0000,99999.0000,0
12,0,17.0876,0,0.0000,99999.0000,0
12,0,17.2332,0,0.0000,99999.0000,0
12,0,17.3716,0,0.0000,99999.0000,0
13,0,17.5863,0,0.0000,99999.0000,0
13,0,17.7903,0,0.0000,99999.0000,0
13,0,17.9842,0,0.0000,99999.0000,0
13,0,18.1683,0,0.0000,99999.0000,0
13,0,18.3432,0,0.0000,99999.0000,0
13,0,18.5094,0,0.0000,99999.0000,0
13,0,18.6672,0,0.0000,99999.0000,0
13,0,18.8172,0,0.0000,99999.0000,0
13,0,18.9597,0,0.0000,99999.0000,0
14,0,19.1784,0,0.0000,99999.0000,0
14,0,19.3861,0,0.0000,99999.0000,0
14,0,19.5835,0,0.0000,99999.0000,0
14,0,19.7710,0,0.0000,99999.0000,0
14,0,19.9491,0,0.0000,99999.0000,0
14,0,20.1183,0,0.0000,99999.0000,0
14,0,20.2790,0,0.0000,99999.0000,0
14,0,20.4318,0,0.0000,99999.0000,0
14,0,20.5768,0,0.0000,99999.0000,0
15,0,20.7980,0,0.0000,99999.0000,0
15,0,21.0081,0,0.0000,99999.0000,0
15,0,21.2077,0,0.0000,99999.0000,0
15,0,21.3973,0,0.0000,99999.0000,0
15,0,21.5774,0,0.0000,99999.0000,0
15,0,21.7486,0,0.0000,99999.0000,0
15,0,21.9111,0,0.0000,99999.0000,0
15,0,22.0656,0,0.0000,99999.0000,0
15,0,22.2123,0,0.0000,99999.0000,0
15,0,22.3517,0,0.0000,99999.0000,0
16,0,22.5674,0,0.0000,99999.0000,0
16,0,22.7724,0,0.0000,99999.0000,0
16,0,22.9671,0,0.0000,99999.0000,0
16,0,23.1521,0,0.0000,99999.0000,0
16,0,23.3278,0,0.0000,99999.0000,0
16,0,23.4948,0,0.0000,99999.0000,0
16,0,23.6534,0,0.0000,99999.0000,0
16,0,23.8040,0,0.0000,99999.0000,0
16,0,23.9472,0,0.0000,99999.0000,0
17,0,24.1665,0,0.0000,99999.0000,0
17,0,24.3748,0,0.0000,99999.0000,0
17,0,24.5727,0,0.0000,99999.0000,0
17,0,24.7608,0,0.0000,99999.0000,0
17,0,24.9394,0,0.0000,99999.0000,0
17,0,25.1091,0,0.0000,99999.0000,0
17,0,25.2703,0,0.0000,99999.0000,0
17,0,25.4235,0,0.0000,99999.0000,0
17,0,25.5689,0,0.0000,99999.0000,0
18,0,25.7905,0,0.0000,99999.0000,0
18,0,26.0010,0,0.0000,99999.0000,0
18,0,26.2009,0,0.0000,99999.0000,0
18,0,26.3909,0,0.0000,99999.0000,0
18,0,26.5713,0,0.0000,99999.0000,0
18,0,26.7428,0,0.0000,99999.0000,0
18,0,26.9056,0,0.0000,99999.0000,0
18,0,27.0603,0,0.0000,99999.0000,0
18,0,27.2073,0,0.0000,99999.0000,0
18,0,27.3470,0,0.0000,99999.0000,0
19,0,27.5630,0,0.0000,99999.0000,0
19,0,27.7681,0,0.0000,99999.0000,0
19,0,27.9631,0,0.0000,99999.0000,0
19,0,28.1482,0,0.0000,99999.0000,0
19,0,28.3242,0,0.0000,99999.0000,0
19,0,28.4913,0,0.0000,99999.0000,0
19,0,28.6501,0,0.0000,99999.0000,0
19,0,28.8009,0,0.0000,99999.0000,0
19,0,28.9442,0,0.0000,99999.0000,0
20,0,29.1636,0,0.0000,99999.0000,0
20,0,29.3721,0,0.0000,99999.0000,0
20,0,29.5702,0,0.0000,99999.0000,0
20,0,29.7583,0,0.0000,99999.0000,0
20,0,29.9371,0,0.0000,99999.0000,0
20,0,30.1069,0,0.0000,99999.0000,0
20,0,30.2682,0,0.0000,99999.0000,0
20,0,30.4215,0,0.0000,99999.0000,0
20,0,30.5671,0,0.0000,99999.0000,0
21,0,30.7887,0,0.0000,99999.0000,0
21,0,30.9993,0,0.0000,99999.0000,0
21,0,31.1993,0,0.0000,99999.0000,0
21,0,31.3894,0,0.0000,99999.0000,0
21,0,31.5699,0,0.0000,99999.0000,0
21,0,31.7414,0,0.0000,99999.0000,0
21,0,31.9043,0,0.0000,99999.0000,0
21,0,32.0591,0,0.0000,99999.0000,0
21,0,32.2061,0,0.0000,99999.0000,0
21,0,32.3458,0,0.0000,99999.0000,0
22,0,32.5619,0,0.0000,99999.0000,0
22,0,32.7671,0,0.0000,99999.0000,0
22,0,32.9621,0,0.0000,99999.0000,0
22,0,33.1473,0,0.0000,99999.0000,0
22,0,33.3233,0,0.0000,99999.0000,0
22,0,33.4905,0,0.0000,99999.0000,0
22,0,33.6493,0,0.0000,99999.0000,0
22,0,33.8001,0,0.0000,99999.0000,0
22,0,33.9435,0,0.0000,99999.0000,0
23,0,34.1630,0,0.0000,99999.0000,0
23,0,34.3715,0,0.0000,99999.0000,0
23,0,34.5696,0,0.0000,99999.0000,0
23,0,34.7578,0,0.0000,99999.0000,0
23,0,34.9365,0,0.0000,99999.0000,0
23,0,35.1064,0,0.0000,99999.0000,0
23,0,35.2677,0,0.0000,99999.0000,0
23,0,35.4210,0,0.0000,99999.0000,0
23,0,35.5666,0,0.0000,99999.0000,0
23,0,35.7050,0,0.0000,99999.0000,0
24,0,35.9197,0,0.0000,99999.0000,0
24,0,36.1237,0,0.0000,99999.0000,0
24,0,36.3175,0,0.0000,99999.0000,0
24,0,36.5017,0,0.0000,99999.0000,0
24,0,36.6766,0,0.0000,99999.0000,0
24,0,36.8428,0,0.0000,99999.0000,0
24,0,37.0006,0,0.0000,99999.0000,0
24,0,37.1506,0,0.0000,99999.0000,0
24,0,37.2931,0,0.0000,99999.0000,0
25,0,37.5117,0,0.0000,99999.0000,0
25,0,37.7195,0,0.0000,99999.0000,0
25,0,37.9168,0,0.0000,99999.0000,0
25,0,38.1043,0,0.0000,99999.0000,0
25,0,38.2824,0,0.0000,99999.0000,0
25,0,38.4517,0,0.0000,99999.0000,0
25,0,38.6124,0,0.0000,99999.0000,0
25,0,38.7651,0,0.0000,99999.0000,0
25,0,38.9102,0,0.0000,99999.0000,0
26,0,39.1314,0,0.0000,99999.0000,0
26,0,39.3415,0,0.0000,99999.0000,0
26,0,39.5410,0,0.0000,99999.0000,0
26,0,39.7307,0,0.0000,99999.0000,0
26,0,39.9108,0,0.0000,99999.0000,0
26,0,40.0819,0,0.0000,99999.0000,0
26,0,40.2445,0,0.0000,99999.0000,0
26,0,40.3989,0,0.0000,99999.0000,0
26,0,40.5457,0,0.0000,99999.0000,0
26,0,40.6850,0,0.0000,99999.0000,0
27,0,40.9008,0,0.0000,99999.0000,0
27,0,41.1057,0,0.0000,99999.0000,0
27,0,41.3005,0,0.0000,99999.0000,0
27,0,41.4854,0,0.0000,99999.0000,0
27,0,41.6612,0,0.0000,99999.0000,0
27,0,41.8281,0,0.0000,99999.0000,0
27,0,41.9867,0,0.0000,99999.0000,0
27,0,42.1374,0,0.0000,99999.0000,0
27,0,42.2805,0,0.0000,99999.0000,0
28,0,42.4998,0,0.0000,99999.0000,0
28,0,42.7082,0,0.0000,99999.0000,0
28,0,42.9061,0,0.0000,99999.0000,0
28,0,43.0941,0,0.0000,99999.0000,0
28,0,43.2727,0,0.0000,99999.0000,0
28,0,43.4424,0,0.0000,99999.0000,0
28,0,43.6036,0,0.0000,99999.0000,0
28,0,43.7568,0,0.0000,99999.0000,0
28,0,43.9023,0,0.0000,99999.0000,0
29,0,44.1238,0,0.0000,99999.0000,0
29,0,44.3343,0,0.0000,99999.0000,0
29,0,44.5343,0,0.0000,99999.0000,0
29,0,44.7242,0,0.0000,99999.0000,0
29,0,44.9047,0,0.0000,99999.0000,0
29,0,45.0761,0,0.0000,99999.0000,0
29,0,45.2390,0,0.0000,99999.0000,0
29,0,45.3937,0,0.0000,99999.0000,0
29,0,45.5407,0,0.0000,99999.0000,0
29,0,45.6803,0,0.0000,99999.0000,0
30,0,45.8963,0,0.0000,99999.0000,0
30,0,46.1015,0,0.0000,99999.0000,0
30,0,46.2964,0,0.0000,99999.0000,0
30,0,46.4816,0,0.0000,99999.0000,0
30,0,46.6575,0,0.0000,99999.0000,0
30,0,46.8246,0,0.0000,99999.0000,0
30,0,46.9834,0,0.0000,99999.0000,0
30,0,47.1342,0,0.0000,99999.0000,0
30,0,47.2775,0,0.0000,99999.0000,0
31,0,47.4970,0,0.0000,99999.0000,0
31,0,47.7055,0,0.0000,99999.0000,0
31,0,47.9035,0,0.0000,99999.0000,0
31,0,48.0917,0,0.0000,99999.0000,0
31,0,48.2704,0,0.0000,99999.0000,0
31,0,48.4402,0,0.0000,99999.0000,0
31,0,48.6016,0,0.0000,99999.0000,0
31,0,48.7548,0,0.0000,99999.0000,0
31,0,48.9004,0,0.0000,99999.0000,0
32,0,49.1221,0,0.0000,99999.0000,0
32,0,49.3326,0,0.0000,99999.0000,0
32,0,49.5327,0,0.0000,99999.0000,0
32,0,49.7227,0,0.0000,99999.0000,0
32,0,49.9032,0,0.0000,99999.0000,0
32,0,50.0747,0,0.0000,99999.0000,0
32,0,50.2377,0,0.0000,99999.0000,0
32,0,50.3924,0,0.0000,99999.0000,0
32,0,50.5395,0,0.0000,99999.0000,0
32,0,50.6792,0,0.0000,99999.0000,0
33,0,50.8952,0,0.0000,99999.0000,0
33,0,51.1005,0,0.0000,99999.0000,0
33,0,51.2954,0,0.0000,99999.0000,0
33,0,51.4807,0,0.0000,99999.0000,0
33,0,51.6566,0,0.0000,99999.0000,0
33,0,51.8238,0,0.0000,99999.0000,0
33,0,51.9826,0,0.0000,99999.0000,0
33,0,52.1335,0,0.0000,99999.0000,0
33,0,52.2768,0,0.0000,99999.0000,0
34,0,52.4963,0,0.0000,99999.0000,0
34,0,52.7048,0,0.0000,99999.0000,0
34,0,52.9029,0,0.0000,99999.0000,0
34,0,53.0911,0,0.0000,99999.0000,0
34,0,53.2699,0,0.0000,99999.0000,0
34,0,53.4397,0,0.0000,99999.0000,0
34,0,53.6011,0,0.0000,99999.0000,0
34,0,53.7543,0,0.0000,99999.0000,0
34,0,53.9000,0,0.0000,99999.0000,0
34,0,54.0383,0,0.0000,99999.0000,0
35,0,54.2530,0,0.0000,99999.0000,0
35,0,54.4571,0,0.0000,99999.0000,0
35,0,54.6509,0,0.0000,99999.0000,0
35,0,54.8350,0,0.0000,99999.0000,0
35,0,55.0099,0,0.0000,99999.0000,0
35,0,55.1761,0,0.0000,99999.0000,0
35,0,55.3339,0,0.0000,99999.0000,0
35,0,55.4839,0,0.0000,99999.0000,0
35,0,55.6264,0,0.0000,99999.0000,0
36,0,55.8451,0,0.0000,99999.0000,0
36,0,56.0528,0,0.0000,99999.0000,0
36,0,56.2502,0,0.0000,99999.0000,0
36,0,56.4377,0,0.0000,99999.0000,0
36,0,56.6158,0,0.0000,99999.0000,0
36,0,56.7850,0,0.0000,99999.0000,0
36,0,56.9457,0,0.0000,99999.0000,0
36,0,57.0985,0,0.0000,99999.0000,0
36,0,57.2435,0,0.0000,99999.0000,0
37,0,57.4647,0,0.0000,99999.0000,0
37,0,57.6748,0,0.0000,99999.0000,0
37,0,57.8744,0,0.0000,99999.0000,0
37,0,58.0640,0,0.0000,99999.0000,0
37,0,58.2441,0,0.0000,99999.0000,0
37,0,58.4153,0,0.0000,99999.0000,0
37,0,58.5778,0,0.0000,99999.0000,0
37,0,58.7323,0,0.0000,99999.0000,0
37,0,58.8790,0,0.0000,99999.0000,0
37,0,59.0184,0,0.0000,99999.0000,0
38,0,59.2341,0,0.0000,99999.0000,0
38,0,59.4391,0,0.0000,99999.0000,0
38,0,59.6338,0,0.0000,99999.0000,0
38,0,59.8188,0,0.0000,99999.0000,0
38,0,59.9945,0,0.0000,99999.0000,0
38,0,60.1614,0,0.0000,99999.0000,0
35,0,59.9152,0,0.0000,99999.0000,0
38,0,60.0861,0,0.0000,99999.0000,0
35,0,59.8459,0,0.0000,99999.0000,0
38,0,60.0203,0,0.0000,99999.0000,0
35,0,59.7853,0,0.0000,99999.0000,0
38,0,59.9627,0,0.0000,99999.0000,0
38,0,60.1312,0,0.0000,99999.0000,0
35,0,59.8874,0,0.0000,99999.0000,0
38,0,60.0597,0,0.0000,99999.0000,0
35,0,59.8216,0,0.0000,99999.0000,0
38,0,59.9972,0,0.0000,99999.0000,0
38,0,60.1640,0,0.0000,99999.0000,0
35,0,59.9175,0,0.0000,99999.0000,0
38,0,60.0883,0,0.0000,99999.0000,0
35,0,59.8479,0,0.0000,99999.0000,0
38,0,60.0222,0,0.0000,99999.0000,0
35,0,59.7871,0,0.0000,99999.0000,0
38,0,59.9644,0,0.0000,99999.0000,0
38,0,60.1328,0,0.0000,99999.0000,0
35,0,59.8889,0,0.0000,99999.0000,0
38,0,60.0611,0,0.0000,99999.0000,0
35,0,59.8229,0,0.0000,99999.0000,0
38,0,59.9984,0,0.0000,99999.0000,0
38,0,60.1652,0,0.0000,99999.0000,0
35,0,59.9186,0,0.0000,99999.0000,0
38,0,60.0893,0,0.0000,99999.0000,0
35,0,59.8489,0,0.0000,99999.0000,0
38,0,60.0231,0,0.0000,99999.0000,0
35,0,59.7879,0,0.0000,99999.0000,0
38,0,59.9652,0,0.0000,99999.0000,0
38,0,60.1336,0,0.0000,99999.0000,0
35,0,59.8896,0,0.0000,99999.0000,0
38,0,60.0618,0,0.0000,99999.0000,0
35,0,59.8235,0,0.0000,99999.0000,0
38,0,59.9990,0,0.0000,99999.0000,0
38,0,60.1657,0,0.0000,99999.0000,0
35,0,59.9191,0,0.0000,99999.0000,0
38,0,60.0898,0,0.0000,99999.0000,0
35,0,59.8493,0,0.0000,99999.0000,0
38,0,60.0235,0,0.0000,99999.0000,0
35,0,59.7883,0,0.0000,99999.0000,0
38,0,59.9655,0,0.0000,99999.0000,0
38,0,60.1339,0,0.0000,99999.0000,0
35,0,59.8899,0,0.0000,99999.0000,0
38,0,60.0621,0,0.0000,99999.0000,0
35,0,59.8238,0,0.0000,99999.0000,0
38,0,59.9992,0,0.0000,99999.0000,0
38,0,60.1659,0,0.0000,99999.0000,0
35,0,59.9193,0,0.0000,99999.0000,0
38,0,60.0900,0,0.0000,99999.0000,0
35,0,59.8495,0,0.0000,99999.0000,0
38,0,60.0237,0,0.0000,99999.0000,0
35,0,59.7885,0,0.0000,99999.0000,0
38,0,59.9657,0,0.0000,99999.0000,0
38,0,60.1341,0,0.0000,99999.0000,0
35,0,59.8900,0,0.0000,99999.0000,0
38,0,60.0622,0,0.0000,99999.0000,0
35,0,59.8239,0,0.0000,99999.0000,0
38,0,59.9994,0,0.0000,99999.0000,0
38,0,60.1661,0,0.0000,99999.0000,0
35,0,59.9194,0,0.0000,99999.0000,0
38,0,60.0901,0,0.0000,99999.0000,0
35,0,59.8496,0,0.0000,99999.0000,0
38,0,60.0238,0,0.0000,99999.0000,0
35,0,59.7885,0,0.0000,99999.0000,0
38,0,59.9658,0,0.0000,99999.0000,0
38,0,60.1342,0,0.0000,99999.0000,0
35,0,59.8901,0,0.0000,99999.0000,0
38,0,60.0623,0,0.0000,99999.0000,0
35,0,59.8239,0,0.0000,99999.0000,0
38,0,59.9994,0,0.0000,99999.0000,0
38,0,60.1661,0,0.0000,99999.0000,0
35,0,59.9195,0,0.0000,99999.0000,0
38,0,60.0902,0,0.0000,99999.0000,0
35,0,59.8496,0,0.0000,99999.0000,0
38,0,60.0238,0,0.0000,99999.0000,0
35,0,59.7886,0,0.0000,99999.0000,0
38,0,59.9658,0,0.0000,99999.0000,0
38,0,60.1342,0,0.0000,99999.0000,0
35,0,59.8901,0,0.0000,99999.0000,0
38,0,60.0623,0,0.0000,99999.0000,0
35,0,59.8240,0,0.0000,99999.0000,0
38,0,59.9994,0,0.0000,99999.0000,0
38,0,60.1661,0,0.0000,99999.0000,0
35,0,59.9195,0,0.0000,99999.0000,0
38,0,60.0902,0,0.0000,99999.0000,0
35,0,59.8496,0,0.0000,99999.0000,0
38,0,60.0238,0,0.0000,99999.0000,0
35,0,59.7886,0,0.0000,99999.0000,0
38,0,59.9658,0,0.0000,99999.0000,0
38,0,60.1342,0,0.0000,99999.0000,0
35,0,59.8901,0,0.0000,99999.0000,0
38,0,60.0623,0,0.0000,99999.0000,0
35,0,59.8240,0,0.0000,99999.0000,0
38,0,59.9994,0,0.0000,99999.0000,0
38,0,60.1661,0,0.0000,99999.0000,0
35,0,59.9195,0,0.0000,99999.0000,0
38,0,60.0902,0,0.0000,99999.0000,0
35,0,59.8497,0,0.0000,99999.0000,0
38,0,60.0238,0,0.0000,99999.0000,0
35,0,59.7886,0,0.0000,99999.0000,0
38,0,59.9658,0,0.0000,99999.0000,0
38,0,60.1342,0,0.0000,99999.0000,0
35,0,59.8901,0,0.0000,99999.0000,0
38,0,60.0623,0,0.0000,99999.0000,0
35,0,59.8240,0,0.0000,99999.0000,0
38,0,59.9995,0,0.0000,99999.0000,0
38,0,60.1661,0,0.0000,99999.0000,0
35,0,59.9195,0,0.0000,99999.0000,0
38,0,60.0902,0,0.0000,99999.0000,0
35,0,59.8497,0,0.0000,99999.0000,0
38,0,60.0238,0,0.0000,99999.0000,0
35,0,59.7886,0,0.0000,99999.0000,0
38,0,59.9658,0,0.0000,99999.0000,0
38,0,60.1342,0,0.0000,99999.0000,0
35,0,59.8901,0,0.0000,99999.0000,0
38,0,60.0623,0,0.0000,99999.0000,0
35,0,59.8240,0,0.0000,99999.0000,0
38,0,59.9995,0,0.0000,99999.0000,0
38,0,60.1661,0,0.0000,99999.0000,0
35,0,59.9195,0,0.0000,99999.0000,0
38,0,60.0902,0,0.0000,99999.0000,0
35,0,59.8497,0,0.0000,99999.0000,0
38,0,60.0238,0,0.0000,99999.0000,0
35,0,59.7886,0,0.0000,99999.0000,0
38,0,59.9658,0,0.0000,99999.0000,0
38,0,60.1342,0,0.0000,99999.0000,0
35,0,59.8901,0,0.0000,99999.0000,0
38,0,60.0623,0,0.0000,99999.0000,0
35,0,59.8240,0,0.0000,99999.0000,0
38,0,59.9995,0,0.0000,99999.0000,0
38,0,60.1661,1,45.0000,50.0000,0
35,0,59.9195,1,45.0000,49.5787,0
38,0,60.0902,1,45.0000,49.5787,0
35,0,59.8497,1,45.0000,49.1595,0
38,0,60.0238,1,45.0000,49.1595,0
35,0,59.7886,1,45.0000,48.7422,0
38,0,59.9658,1,45.0000,48.7422,0
38,0,60.1342,1,45.0000,48.3265,0
35,0,59.8901,1,45.0000,48.3265,0
38,0,60.0623,1,45.0000,47.9129,0
35,0,59.8240,1,45.0000,47.9129,0
38,0,59.9995,1,45.0000,47.5011,0
38,0,60.1661,1,45.0000,47.5011,0
35,0,59.9195,1,45.0000,47.0798,0
38,0,60.0902,1,45.0000,46.6654,0
35,0,59.8497,1,45.0000,46.6654,0
38,0,60.0238,1,45.0000,46.2529,0
35,0,59.7886,1,45.0000,46.2529,0
38,0,59.9658,1,45.0000,45.8421,0
38,0,60.1342,1,45.0000,45.8421,0
35,0,59.8901,1,45.0000,45.4217,0
38,0,60.0623,1,45.0000,45.4217,0
35,0,59.8240,1,45.0000,45.0033,0
38,0,59.9995,1,45.0000,45.0033,0
38,0,60.1661,1,45.0000,44.5867,0
35,0,59.9195,1,45.0000,44.5867,0
38,0,60.0902,1,45.0000,44.1722,0
35,0,59.8497,1,45.0000,44.1722,0
38,0,60.0238,1,45.0000,43.7597,0
35,0,59.7886,1,45.0000,43.7597,0
38,0,59.9658,1,45.0000,43.3489,0
38,0,60.1342,1,45.0000,43.3489,0
35,0,59.8901,1,45.0000,42.9286,0
38,0,60.0623,1,45.0000,42.9286,0
35,0,59.8240,1,45.0000,42.5102,0
38,0,59.9995,1,45.0000,42.5102,0
38,0,60.1661,1,45.0000,42.0935,0
35,0,59.9195,1,45.0000,42.0935,0
38,0,60.0902,1,45.0000,41.6791,0
35,0,59.8497,1,45.0000,41.6791,0
38,0,60.0238,1,45.0000,41.2666,0
35,0,59.7886,1,45.0000,41.2666,0
38,0,59.9658,1,45.0000,40.8558,0
38,0,60.1342,1,45.0000,40.4401,0
35,0,59.8901,1,45.0000,40.4401,0
38,0,60.0623,1,45.0000,40.0265,0
35,0,59.8240,1,45.0000,40.0265,0
38,0,59.9995,1,45.0000,39.6147,0
38,0,60.1661,1,45.0000,39.6147,0
35,0,59.9195,1,45.0000,39.1934,0
38,0,60.0902,1,45.0000,39.1934,0
35,0,59.8497,1,45.0000,38.7742,0
38,0,60.0238,1,45.0000,38.7742,0
35,0,59.7886,1,45.0000,38.3569,0
38,0,59.9658,1,45.0000,38.3569,0
38,0,60.1342,1,45.0000,37.9412,0
35,0,59.8901,1,45.0000,37.9412,0
38,0,60.0623,1,45.0000,37.5276,0
35,0,59.8240,1,45.0000,37.5276,0
38,0,59.9995,1,45.0000,37.1158,0
38,0,60.1661,1,45.0000,37.1158,0
35,0,59.9195,1,45.0000,36.6945,0
38,0,60.0902,1,45.0000,36.6945,0
35,0,59.8497,1,45.0000,36.2753,0
38,0,60.0238,1,45.0000,36.2753,0
35,0,59.7886,1,45.0000,35.8580,0
38,0,59.9658,1,45.0000,35.8580,0
38,0,60.1342,1,45.0000,35.4423,0
35,0,59.8901,1,45.0000,35.4423,0
38,0,60.0623,1,45.0000,35.0287,0
35,0,59.8240,1,45.0000,35.0287,0
38,0,59.9995,1,45.0000,34.6169,0
38,0,60.1661,1,45.0000,34.6169,0
35,0,59.9195,1,45.0000,34.1956,0
38,0,60.0902,1,45.0000,34.1956,0
35,0,59.8497,1,45.0000,33.7764,0
38,0,60.0238,1,45.0000,33.7764,0
35,0,59.7886,1,45.0000,33.3591,0
38,0,59.9658,1,45.0000,33.3591,0
38,0,60.1342,1,45.0000,32.9434,0
35,0,59.8901,1,45.0000,32.5230,0
38,0,60.0623,1,45.0000,32.5230,0
35,0,59.8240,1,45.0000,32.1046,0
38,0,59.9995,1,45.0000,32.1046,0
38,0,60.1661,1,45.0000,31.6879,0
35,0,59.9195,1,45.0000,31.6879,0
38,0,60.0902,1,45.0000,31.2735,0
35,0,59.8497,1,45.0000,31.2735,0
38,0,60.0238,1,45.0000,30.8610,0
35,0,59.7886,1,45.0000,30.8610,0
38,0,59.9658,1,45.0000,30.4502,0
38,0,60.1342,1,45.0000,30.4502,0
35,0,59.8901,1,45.0000,30.0298,0
38,0,60.0623,1,45.0000,30.0298,0
35,0,59.8240,1,45.0000,29.6114,0
38,0,59.9995,1,45.0000,29.6114,0
38,0,60.1661,1,45.0000,29.1948,0
35,0,59.9195,1,45.0000,29.1948,0
38,0,60.0902,1,45.0000,28.7804,0
35,0,59.8497,1,45.0000,28.7804,0
38,0,60.0238,1,45.0000,28.3679,0
35,0,59.7886,1,45.0000,28.3679,0
38,0,59.9658,1,45.0000,27.9571,0
38,0,60.1342,1,45.0000,27.9571,0
35,0,59.8901,1,45.0000,27.5367,0
38,0,60.0623,1,45.0000,27.5367,0
35,0,59.8240,1,45.0000,27.1183,0
38,0,59.9995,1,45.0000,27.1183,0
38,0,60.1661,1,45.0000,26.7016,0
35,0,59.9195,1,45.0000,26.7016,0
38,0,60.0902,1,45.0000,26.2872,0
35,0,59.8497,1,45.0000,26.2872,0
38,0,60.0238,1,45.0000,25.8747,0
35,0,59.7886,1,45.0000,25.8747,0
38,0,59.9658,1,45.0000,25.4639,0
38,0,60.1342,1,45.0000,25.0482,0
35,0,59.8901,1,45.0000,25.0482,0
38,0,60.0623,1,45.0000,24.6346,0
35,0,59.8240,1,45.0000,24.6346,0
38,0,59.9995,1,45.0000,24.2228,0
38,0,60.1661,1,45.0000,24.2228,0
35,0,59.9195,1,45.0000,23.8015,0
38,0,60.0902,1,45.0000,23.8015,0
35,0,59.8497,1,45.0000,23.3823,0
38,0,60.0238,1,45.0000,23.3823,0
35,0,59.7886,1,45.0000,22.9650,0
38,0,59.9658,1,45.0000,22.9650,0
38,0,60.1342,1,45.0000,22.5493,0
35,0,59.8901,1,45.0000,22.5493,0
38,0,60.0623,1,45.0000,22.1357,0
35,0,59.8240,1,45.0000,21.7173,0
38,0,59.9995,1,45.0000,21.7173,0
38,0,60.1661,1,45.0000,21.3006,0
35,0,59.9195,1,45.0000,21.3006,0
38,0,60.0902,1,45.0000,20.8862,0
35,0,59.8497,1,45.0000,20.8862,0
38,0,60.0238,1,45.0000,20.4737,0
35,0,59.7886,1,45.0000,20.4737,0
38,0,59.9658,1,45.0000,20.0629,0
38,0,60.1342,1,45.0000,20.0629,0
35,0,59.8901,1,45.0000,19.6425,0
38,0,60.0623,1,45.0000,19.6425,0
35,0,59.8240,1,45.0000,19.2241,0
38,0,59.9995,1,45.0000,19.2241,0
38,0,60.1661,1,45.0000,18.8075,0
35,0,59.9195,1,45.0000,18.8075,0
38,0,60.0902,1,45.0000,18.3930,0
35,0,59.8497,1,45.0000,18.3930,0
38,0,60.0238,1,45.0000,17.9805,0
35,0,59.7886,1,45.0000,17.9805,0
38,0,59.9658,1,45.0000,17.5698,0
38,0,60.1342,1,45.0000,17.5698,0
35,0,59.8901,1,45.0000,17.1494,0
38,0,60.0623,1,45.0000,17.1494,0
35,0,59.8240,1,45.0000,16.7310,0
38,0,59.9995,1,45.0000,16.7310,0
38,0,60.1661,1,45.0000,16.3143,0
35,0,59.9195,1,45.0000,16.3143,0
38,0,60.0902,1,45.0000,15.8999,0
35,0,59.8497,1,45.0000,15.8999,0
38,0,60.0238,1,45.0000,15.4874,0
35,0,59.7886,1,45.0000,15.0701,0
38,0,59.9658,1,45.0000,15.0701,0
38,0,60.1342,1,45.0000,14.6543,0
35,0,59.8901,1,45.0000,14.6543,0
38,0,60.0623,1,45.0000,14.2407,0
35,0,59.8240,1,45.0000,14.2407,0
38,0,59.9995,1,45.0000,13.8289,0
38,0,60.1661,1,45.0000,13.8289,0
35,0,59.9195,1,45.0000,13.4077,0
38,0,60.0902,1,45.0000,13.4077,0
35,0,59.8497,1,45.0000,12.9885,0
38,0,60.0238,1,45.0000,12.9885,0
35,0,59.7886,1,45.0000,12.5712,0
38,0,59.9658,1,45.0000,12.5712,0
38,0,60.1342,1,45.0000,12.1554,0
35,0,59.8901,1,45.0000,12.1554,0
38,0,60.0623,1,45.0000,11.7418,0
35,0,59.8240,1,45.0000,11.7418,0
38,0,59.9995,1,45.0000,11.3301,0
38,0,60.1661,1,45.0000,11.3301,0
35,0,59.9195,1,45.0000,10.9088,0
38,0,60.0902,1,45.0000,10.9088,0
35,0,59.8497,1,45.0000,10.4896,0
38,0,60.0238,1,45.0000,10.4896,0
35,0,59.7886,1,45.0000,10.0723,0
38,0,59.9658,1,45.0000,10.0723,0
17,0,57.3352,1,45.0000,9.6566,0
17,0,57.3352,1,45.0000,9.3139,0
20,0,55.3151,1,45.0000,9.3139,0
23,0,53.8565,1,45.0000,9.0274,0
23,0,53.8565,1,45.0000,9.0274,0
24,0,52.6480,1,45.0000,8.7814,0
24,0,52.6480,1,45.0000,8.7814,0
26,0,51.8028,1,45.0000,8.5689,0
26,0,51.8028,1,45.0000,8.5689,0
26,0,51.0253,1,45.0000,8.3799,0
26,0,51.0253,1,45.0000,8.3799,0
27,0,50.4433,1,45.0000,8.2126,0
27,0,50.4433,1,45.0000,8.2126,0
27,0,49.9078,1,45.0000,8.0614,0
27,0,49.9078,1,45.0000,8.0614,0
27,0,49.4152,1,45.0000,7.9250,0
27,0,49.4152,1,45.0000,7.9250,0
28,0,49.0953,1,45.0000,7.8024,0
28,0,49.0953,1,45.0000,7.8024,0
28,0,48.8010,1,45.0000,7.6886,0
28,0,48.8010,1,45.0000,7.6886,0
28,0,48.5303,1,45.0000,7.5831,0
28,0,48.5303,1,45.0000,7.5831,0
28,0,48.2812,1,45.0000,7.4850,0
28,0,48.2812,1,45.0000,7.4850,0
28,0,48.0520,1,45.0000,7.3939,0
28,0,48.0520,1,45.0000,7.3939,0
28,0,47.8412,1,45.0000,7.3091,0
28,0,47.8412,1,45.0000,7.3091,0
28,0,47.6472,1,45.0000,7.2302,0
28,0,47.6472,1,45.0000,7.2302,0
28,0,47.4688,1,45.0000,7.1566,0
28,0,47.4688,1,45.0000,7.1566,0
28,0,47.3046,1,45.0000,7.0880,0
28,0,47.3046,1,45.0000,7.0240,0
28,0,47.1536,1,45.0000,7.0240,0
28,0,47.0146,1,45.0000,6.9642,0
28,0,47.0146,1,45.0000,6.9642,0
28,0,46.8868,1,45.0000,6.9082,0
28,0,46.8868,1,45.0000,6.9082,0
28,0,46.7692,1,45.0000,6.8558,0
28,0,46.7692,1,45.0000,6.8558,0
28,0,46.6610,1,45.0000,6.8067,0
28,0,46.6610,1,45.0000,6.8067,0
28,0,46.6613,1,45.0000,6.7606,0
28,0,46.6613,1,45.0000,6.7606,0
28,0,46.6615,1,45.0000,6.7144,0
28,0,46.6615,1,45.0000,6.7144,0
28,0,46.6618,1,45.0000,6.6683,0
28,0,46.6618,1,45.0000,6.6683,0
28,0,46.6620,1,45.0000,6.6221,0
28,0,46.6620,1,45.0000,6.6221,0
28,0,46.6623,1,45.0000,6.5759,0
28,0,46.6623,1,45.0000,6.5298,0
28,0,46.6625,1,45.0000,6.5298,0
28,0,46.6627,1,45.0000,6.4836,0
28,0,46.6627,1,45.0000,6.4836,0
28,0,46.6629,1,45.0000,6.4374,0
28,0,46.6629,1,45.0000,6.4374,0
28,0,46.6631,1,45.0000,6.3912,0
28,0,46.6631,1,45.0000,6.3912,0
28,0,46.6633,1,45.0000,6.3450,0
28,0,46.6633,1,45.0000,6.3450,0
28,0,46.6634,1,45.0000,6.2988,0
28,0,46.6634,1,45.0000,6.2988,0
28,0,46.6636,1,45.0000,6.2526,0
28,0,46.6636,1,45.0000,6.2526,0
28,0,46.6637,1,45.0000,6.2064,0
28,0,46.6637,1,45.0000,6.2064,0
28,0,46.6639,1,45.0000,6.1602,0
28,0,46.6639,1,45.0000,6.1602,0
28,0,46.6640,1,45.0000,6.1139,0
28,0,46.6640,1,45.0000,6.1139,0
28,0,46.6642,1,45.0000,6.0677,0
28,0,46.6642,1,45.0000,6.0677,0
28,0,46.6643,1,45.0000,6.0215,0
28,0,46.6643,1,45.0000,6.0215,0
28,0,46.6644,1,45.0000,5.9753,0
28,0,46.6644,1,45.0000,5.9753,0
28,0,46.6645,1,45.0000,5.9290,0
28,0,46.6645,1,45.0000,5.9290,0
27,0,46.4314,1,45.0000,5.8828,0
27,0,46.4314,1,45.0000,5.8430,0
28,0,46.4431,1,45.0000,5.8430,0
28,0,46.4543,1,45.0000,5.8029,0
28,0,46.4543,1,45.0000,5.8029,0
27,0,46.2380,1,45.0000,5.7625,0
27,0,46.2380,1,45.0000,5.7625,0
28,0,46.2594,1,45.0000,5.7282,0
28,0,46.2594,1,45.0000,5.7282,0
28,0,46.2798,1,45.0000,5.6932,0
28,0,46.2798,1,45.0000,5.6932,0
27,0,46.0774,1,45.0000,5.6576,0
27,0,46.0774,1,45.0000,5.6576,0
28,0,46.1068,1,45.0000,5.6277,0
28,0,46.1068,1,45.0000,5.6277,0
28,0,46.1348,1,45.0000,5.5970,0
28,0,46.1348,1,45.0000,5.5970,0
27,0,45.9440,1,45.0000,5.5654,0
27,0,45.9440,1,45.0000,5.5654,0
28,0,45.9802,1,45.0000,5.5392,0
28,0,45.9802,1,45.0000,5.5392,0
28,0,46.0145,1,45.0000,5.5120,0
28,0,46.0145,1,45.0000,5.5120,0
27,0,45.8333,1,45.0000,5.4838,0
27,0,45.8333,1,45.0000,5.4838,0
28,0,45.8750,1,45.0000,5.4607,0
28,0,45.8750,1,45.0000,5.4607,0
28,0,45.9146,1,45.0000,5.4363,0
28,0,45.9146,1,45.0000,5.4363,0
27,0,45.7414,1,45.0000,5.4109,0
27,0,45.7414,1,45.0000,5.4109,0
28,0,45.7877,1,45.0000,5.3903,0
28,0,45.7877,1,45.0000,5.3903,0
28,0,45.8316,1,45.0000,5.3685,0
28,0,45.8316,1,45.0000,5.3454,0
27,0,45.6651,1,45.0000,5.3454,0
28,0,45.7152,1,45.0000,5.3269,0
28,0,45.7152,1,45.0000,5.3269,0
27,0,45.5580,1,45.0000,5.3070,0
27,0,45.5580,1,45.0000,5.3070,0
28,0,45.6134,1,45.0000,5.2915,0
28,0,45.6134,1,45.0000,5.2915,0
28,0,45.6661,1,45.0000,5.2745,0
28,0,45.6661,1,45.0000,5.2745,0
27,0,45.5128,1,45.0000,5.2560,0
27,0,45.5128,1,45.0000,5.2560,0
28,0,45.5705,1,45.0000,5.2417,0
28,0,45.5705,1,45.0000,5.2417,0
27,0,45.4248,1,45.0000,5.2259,0
27,0,45.4248,1,45.0000,5.2259,0
28,0,45.4869,1,45.0000,5.2141,0
28,0,45.4869,1,45.0000,5.2141,0
28,0,45.5459,1,45.0000,5.2006,0
28,0,45.5459,1,45.0000,5.2006,0
27,0,45.4022,1,45.0000,5.1854,0
27,0,45.4022,1,45.0000,5.1854,0
28,0,45.4655,1,45.0000,5.1742,0
28,0,45.4655,1,45.0000,5.1742,0
27,0,45.3282,1,45.0000,5.1613,0
27,0,45.3282,1,45.0000,5.1522,0
28,0,45.3951,1,45.0000,5.1522,0
28,0,45.4587,1,45.0000,5.1412,0
28,0,45.4587,1,45.0000,5.1412,0
27,0,45.3220,1,45.0000,5.1285,0
27,0,45.3220,1,45.0000,5.1285,0
28,0,45.3893,1,45.0000,5.1195,0
28,0,45.3893,1,45.0000,5.1195,0
27,0,45.2581,1,45.0000,5.1087,0
27,0,45.2581,1,45.0000,5.1087,0
28,0,45.3285,1,45.0000,5.1015,0
28,0,45.3285,1,45.0000,5.1015,0
27,0,45.2023,1,45.0000,5.0924,0
27,0,45.2023,1,45.0000,5.0924,0
28,0,45.2755,1,45.0000,5.0868,0
28,0,45.2755,1,45.0000,5.0868,0
28,0,45.3450,1,45.0000,5.0791,0
28,0,45.3450,1,45.0000,5.0791,0
27,0,45.2174,1,45.0000,5.0696,0
27,0,45.2174,1,45.0000,5.0696,0
28,0,45.2899,1,45.0000,5.0635,0
28,0,45.2899,1,45.0000,5.0635,0
27,0,45.1667,1,45.0000,5.0555,0
27,0,45.1667,1,45.0000,5.0555,0
28,0,45.2417,1,45.0000,5.0508,0
28,0,45.2417,1,45.0000,5.0508,0
27,0,45.1224,1,45.0000,5.0441,0
27,0,45.1224,1,45.0000,5.0441,0
28,0,45.1996,1,45.0000,5.0407,0
28,0,45.1996,1,45.0000,5.0407,0
27,0,45.0836,1,45.0000,5.0352,0
27,0,45.0836,1,45.0000,5.0329,0
28,0,45.1628,1,45.0000,5.0329,0
27,0,45.0497,1,45.0000,5.0283,0
27,0,45.0497,1,45.0000,5.0283,0
28,0,45.1306,1,45.0000,5.0270,0
28,0,45.1306,1,45.0000,5.0270,0
28,0,45.2074,1,45.0000,5.0233,0
28,0,45.2074,1,45.0000,5.0233,0
27,0,45.0908,1,45.0000,5.0176,0
27,0,45.0908,1,45.0000,5.0176,0
28,0,45.1696,1,45.0000,5.0150,0
28,0,45.1696,1,45.0000,5.0150,0
27,0,45.0560,1,45.0000,5.0103,0
27,0,45.0560,1,45.0000,5.0103,0
28,0,45.1366,1,45.0000,5.0088,0
28,0,45.1366,1,45.0000,5.0088,0
26,0,44.8923,1,45.0000,5.0050,0
26,0,44.8923,0,0.0000,99999.0000,0
29,0,45.0644,0,0.0000,99999.0000,0
29,0,45.2278,0,0.0000,99999.0000,0
29,0,45.3831,0,0.0000,99999.0000,0
29,0,45.5306,0,0.0000,99999.0000,0
29,0,45.6707,0,0.0000,99999.0000,0
30,0,45.8872,0,0.0000,99999.0000,0
30,0,46.0928,0,0.0000,99999.0000,0
30,0,46.2882,0,0.0000,99999.0000,0
30,0,46.4738,0,0.0000,99999.0000,0
30,0,46.6501,0,0.0000,99999.0000,0
30,0,46.8176,0,0.0000,99999.0000,0
30,0,46.9767,0,0.0000,99999.0000,0
30,0,47.1279,0,0.0000,99999.0000,0
30,0,47.2715,0,0.0000,99999.0000,0
31,0,47.4912,0,0.0000,99999.0000,0
31,0,47.7000,0,0.0000,99999.0000,0
31,0,47.8983,0,0.0000,99999.0000,0
31,0,48.0868,0,0.0000,99999.0000,0
31,0,48.2658,0,0.0000,99999.0000,0
31,0,48.4358,0,0.0000,99999.0000,0
31,0,48.5973,0,0.0000,99999.0000,0
31,0,48.7508,0,0.0000,99999.0000,0
31,0,48.8966,0,0.0000,99999.0000,0
31,0,49.0351,0,0.0000,99999.0000,0
32,0,49.2500,0,0.0000,99999.0000,0
32,0,49.4542,0,0.0000,99999.0000,0
32,0,49.6481,0,0.0000,99999.0000,0
32,0,49.8324,0,0.0000,99999.0000,0
32,0,50.0074,0,0.0000,99999.0000,0
32,0,50.1737,0,0.0000,99999.0000,0
32,0,50.3317,0,0.0000,99999.0000,0
32,0,50.4818,0,0.0000,99999.0000,0
32,0,50.6244,0,0.0000,99999.0000,0
33,0,50.8432,0,0.0000,99999.0000,0
33,0,51.0510,0,0.0000,99999.0000,0
33,0,51.2485,0,0.0000,99999.0000,0
33,0,51.4360,0,0.0000,99999.0000,0
33,0,51.6142,0,0.0000,99999.0000,0
33,0,51.7835,0,0.0000,99999.0000,0
33,0,51.9443,0,0.0000,99999.0000,0
33,0,52.0971,0,0.0000,99999.0000,0
33,0,52.2423,0,0.0000,99999.0000,0
34,0,52.4635,0,0.0000,99999.0000,0
34,0,52.6736,0,0.0000,99999.0000,0
34,0,52.8733,0,0.0000,99999.0000,0
34,0,53.0630,0,0.0000,99999.0000,0
34,0,53.2432,0,0.0000,99999.0000,0
34,0,53.4143,0,0.0000,99999.0000,0
34,0,53.5769,0,0.0000,99999.0000,0
34,0,53.7314,0,0.0000,99999.0000,0
34,0,53.8782,0,0.0000,99999.0000,0
34,0,54.0176,0,0.0000,99999.0000,0
35,0,54.2334,0,0.0000,99999.0000,0
35,0,54.4384,0,0.0000,99999.0000,0
35,0,54.6331,0,0.0000,99999.0000,0
35,0,54.8182,0,0.0000,99999.0000,0
35,0,54.9939,0,0.0000,99999.0000,0
35,0,55.1609,0,0.0000,99999.0000,0
35,0,55.3195,0,0.0000,99999.0000,0
35,0,55.4702,0,0.0000,99999.0000,0
35,0,55.6134,0,0.0000,99999.0000,0
36,0,55.8327,0,0.0000,99999.0000,0
36,0,56.0411,0,0.0000,99999.0000,0
36,0,56.2390,0,0.0000,99999.0000,0
36,0,56.4270,0,0.0000,99999.0000,0
36,0,56.6057,0,0.0000,99999.0000,0
36,0,56.7754,0,0.0000,99999.0000,0
36,0,56.9366,0,0.0000,99999.0000,0
36,0,57.0898,0,0.0000,99999.0000,0
36,0,57.2353,0,0.0000,99999.0000,0
37,0,57.4569,0,0.0000,99999.0000,0
37,0,57.6674,0,0.0000,99999.0000,0
37,0,57.8673,0,0.0000,99999.0000,0
37,0,58.0573,0,0.0000,99999.0000,0
37,0,58.2378,0,0.0000,99999.0000,0
37,0,58.4092,0,0.0000,99999.0000,0
37,0,58.5721,0,0.0000,99999.0000,0
37,0,58.7268,0,0.0000,99999.0000,0
37,0,58.8738,0,0.0000,99999.0000,0
37,0,59.0135,0,0.0000,99999.0000,0
38,0,59.2294,0,0.0000,99999.0000,0
38,0,59.4346,0,0.0000,99999.0000,0
38,0,59.6296,0,0.0000,99999.0000,0
38,0,59.8148,0,0.0000,99999.0000,0
38,0,59.9907,0,0.0000,99999.0000,0
38,0,60.1578,0,0.0000,99999.0000,0
35,0,59.9119,0,0.0000,99999.0000,0
38,0,60.0829,0,0.0000,99999.0000,0
35,0,59.8430,0,0.0000,99999.0000,0
38,0,60.0175,0,0.0000,99999.0000,0
35,0,59.7828,0,0.0000,99999.0000,0
38,0,59.9603,0,0.0000,99999.0000,0
38,0,60.1289,0,0.0000,99999.0000,0
35,0,59.8853,0,0.0000,99999.0000,0
38,0,60.0577,0,0.0000,99999.0000,0
35,0,59.8197,0,0.0000,99999.0000,0
38,0,59.9954,0,0.0000,99999.0000,0
38,0,60.1623,0,0.0000,99999.0000,0
35,0,59.9160,0,0.0000,99999.0000,0
38,0,60.0869,0,0.0000,99999.0000,0
35,0,59.8466,0,0.0000,99999.0000,0
38,0,60.0209,0,0.0000,99999.0000,0
35,0,59.7859,0,0.0000,99999.0000,0
38,0,59.9633,0,0.0000,99999.0000,0
38,0,60.1318,0,0.0000,99999.0000,0
35,0,59.8879,0,0.0000,99999.0000,0
38,0,60.0602,0,0.0000,99999.0000,0
35,0,59.8220,0,0.0000,99999.0000,0
38,0,59.9976,0,0.0000,99999.0000,0
38,0,60.1644,0,0.0000,99999.0000,0
35,0,59.9179,0,0.0000,99999.0000,0
38,0,60.0887,0,0.0000,99999.0000,0
35,0,59.8482,0,0.0000,99999.0000,0
38,0,60.0225,0,0.0000,99999.0000,0
35,0,59.7874,0,0.0000,99999.0000,0
38,0,59.9647,0,0.0000,99999.0000,0
38,0,60.1331,0,0.0000,99999.0000,0
35,0,59.8891,0,0.0000,99999.0000,0
38,0,60.0613,0,0.0000,99999.0000,0
35,0,59.8231,0,0.0000,99999.0000,0
38,0,59.9986,0,0.0000,99999.0000,0
38,0,60.1653,0,0.0000,99999.0000,0
35,0,59.9188,0,0.0000,99999.0000,0
38,0,60.0895,0,0.0000,99999.0000,0
35,0,59.8490,0,0.0000,99999.0000,0
38,0,60.0232,0,0.0000,99999.0000,0
35,0,59.7880,0,0.0000,99999.0000,0
38,0,59.9653,0,0.0000,99999.0000,0
38,0,60.1337,0,0.0000,99999.0000,0
35,0,59.8897,0,0.0000,99999.0000,0
38,0,60.0619,0,0.0000,99999.0000,0
35,0,59.8236,0,0.0000,99999.0000,0
38,0,59.9991,0,0.0000,99999.0000,0
38,0,60.1658,0,0.0000,99999.0000,0
35,0,59.9192,0,0.0000,99999.0000,0
38,0,60.0899,0,0.0000,99999.0000,0
35,0,59.8494,0,0.0000,99999.0000,0
38,0,60.0236,0,0.0000,99999.0000,0
35,0,59.7883,0,0.0000,99999.0000,0
38,0,59.9656,0,0.0000,99999.0000,0
38,0,60.1340,0,0.0000,99999.0000,0
35,0,59.8899,0,0.0000,99999.0000,0
38,0,60.0621,0,0.0000,99999.0000,0
35,0,59.8238,0,0.0000,99999.0000,0
38,0,59.9993,0,0.0000,99999.0000,0
38,0,60.1660,0,0.0000,99999.0000,0
35,0,59.9194,0,0.0000,99999.0000,0
38,0,60.0901,0,0.0000,99999.0000,0
35,0,59.8495,0,0.0000,99999.0000,0
38,0,60.0237,0,0.0000,99999.0000,0
35,0,59.7885,0,0.0000,99999.0000,0
38,0,59.9657,0,0.0000,99999.0000,0
38,0,60.1341,0,0.0000,99999.0000,0
35,0,59.8900,0,0.0000,99999.0000,0
38,0,60.0622,0,0.0000,99999.0000,0
35,0,59.8239,0,0.0000,99999.0000,0
38,0,59.9994,0,0.0000,99999.0000,0
38,0,60.1661,0,0.0000,99999.0000,0
35,0,59.9195,0,0.0000,99999.0000,0
38,0,60.0901,0,0.0000,99999.0000,0
35,0,59.8496,0,0.0000,99999.0000,0
38,0,60.0238,0,0.0000,99999.0000,0
35,0,59.7886,0,0.0000,99999.0000,0
38,0,59.9658,0,0.0000,99999.0000,0
38,0,60.1342,0,0.0000,99999.0000,0
35,0,59.8901,0,0.0000,99999.0000,0
38,0,60.0623,0,0.0000,99999.0000,0
35,0,59.8239,0,0.0000,99999.0000,0
38,0,59.9994,0,0.0000,99999.0000,0
38,0,60.1661,0,0.0000,99999.0000,0
35,0,59.9195,0,0.0000,99999.0000,0
38,0,60.0902,0,0.0000,99999.0000,0
35,0,59.8496,0,0.0000,99999.0000,0
38,0,60.0238,0,0.0000,99999.0000,0
35,0,59.7886,0,0.0000,99999.0000,0
38,0,59.9658,0,0.0000,99999.0000,0
38,0,60.1342,0,0.0000,99999.0000,0
35,0,59.8901,0,0.0000,99999.0000,0
38,0,60.0623,0,0.0000,99999.0000,0
35,0,59.8240,0,0.0000,99999.0000,0
38,0,59.9994,0,0.0000,99999.0000,0
38,0,60.1661,0,0.0000,99999.0000,0
35,0,59.9195,0,0.0000,99999.0000,0
38,0,60.0902,0,0.0000,99999.0000,0
35,0,59.8497,0,0.0000,99999.0000,0
38,0,60.0238,0,0.0000,99999.0000,0
35,0,59.7886,0,0.0000,99999.0000,0
38,0,59.9658,0,0.0000,99999.0000,0
38,0,60.1342,0,0.0000,99999.0000,0
35,0,59.8901,0,0.0000,99999.0000,0
38,0,60.0623,0,0.0000,99999.0000,0
35,0,59.8240,0,0.0000,99999.0000,0
38,0,59.9994,0,0.0000,99999.0000,0
38,0,60.1661,0,0.0000,99999.0000,0
35,0,59.9195,0,0.0000,99999.0000,0
38,0,60.0902,0,0.0000,99999.0000,0
35,0,59.8497,0,0.0000,99999.0000,0
38,0,60.0238,0,0.0000,99999.0000,0
35,0,59.7886,0,0.0000,99999.0000,0
38,0,59.9658,0,0.0000,99999.0000,0
38,0,60.1342,0,0.0000,99999.0000,0
35,0,59.8901,0,0.0000,99999.0000,0
38,0,60.0623,0,0.0000,99999.0000,0
35,0,59.8240,0,0.0000,99999.0000,0
38,0,59.9995,0,0.0000,99999.0000,0
38,0,60.1661,0,0.0000,99999.0000,0
35,0,59.9195,0,0.0000,99999.0000,0
38,0,60.0902,0,0.0000,99999.0000,0
35,0,59.8497,0,0.0000,99999.0000,0
38,0,60.0238,0,0.0000,99999.0000,0
35,0,59.7886,0,0.0000,99999.0000,0
38,0,59.9658,0,0.0000,99999.0000,0
38,0,60.1342,0,0.0000,99999.0000,0
